file,sha256,phash
ext_01.jpg,ce958d627ed243ba5d23dda3f42c67d1e336425b78fd77293bb81cf6bb321a55,960ec73e51930ed2f13a0e9d05520959d0e25ab80ab5da94f9575eab2ff505d5
ext_02.jpg,d0685c66d1bbed8b6a298626e501828e88615aa3a51edc9e07a763b4393dcd31,b8cdbaa8fc76e323d053e17ec86ea1fac03e817222a621ee4a752ae14f998ee0
ext_03.jpg,b3ca380d491dd4f95c5130675af06bc794c461636aff9927fe4e4a1f6442a8cb,9c17d8df1a4753c5d3c21069be03abebb1f004785f4253c7ad40a550abaf4757
ext_04.jpg,8802cb970e789aaa50e9f8cf0a90ce302c6efb20a16956f361da25a587690e2a,990ca4b1edab4fa83af3b41dc0586a236d3c74a2dedad8f3af681130779e1258
ext_05.jpg,d3b95ace5e1fd1a97768c3880d6a533fd06882585a089ede760aa39e0522d8b7,c2d9a20732d8272f9383fba0ff03c18864a072bf3bee17fe9939dc84ce41c478
ext_06.webp,0a147ee919566c38f581114568347932bde4aaae9c3bd020a8b44d1d670d600d,91de9c966c761cd1c18cdf01fe3c33e1227cc0c55e0d9fc09f7a73774007e344
ext_07.jpg,d65306fd5046d302fdac30439ab6d449d2b5afd44864e74855ce9347c7e14d62,dc66079e20f63c04388020fc787fa8ffd7f88bf9fff0c730c3805c030887f51e
ext_08.jpg,90dcc5895fdcc45238d7644e99417f67aeb0deb40ca06c896cec213e23e7291a,9343259a72ac48265afbd6c00d6cb95da251aed70fa6f86c41d90b13fa25b2ed
ext_09.jpg,a414072a619507a7445f9a32754772272f1f8ccdd157e47f827216f343eef0d8,9a4a5a5a74f065f127856e3da6d847a2ad267c6c18c169a3131cfb3c5329bb47
ext_10.jpg,6b37e8ae46b32575f6d8c40ffe0da394d802d967ae7d12d7b23a1a6c2470bd4d,c4016e3b2c77e4213eb9077b713d7f2921b55c127b88e8fd350de9e0d31eb084
